{
  "ionq": {
    "device": "IonQ Forte-1 (trapped ion)",
    "n_qubits": 6,
    "sigma_c": 0.7628064613785642,
    "eps_star": 0.7,
    "kappa": 1.0897235162550918,
    "gammas_sweep": [
      0.0,
      0.15,
      0.35,
      0.5,
      0.6,
      0.65,
      0.7,
      0.75,
      0.8,
      0.88,
      0.94,
      1.0
    ],
    "r_sweep": [
      0.464,
      0.504,
      0.504,
      0.5,
      0.384,
      0.42,
      0.344,
      0.148,
      0.112,
      0.1,
      0.064,
      0.052
    ],
    "entropies": [
      1.4276518308199608,
      1.4966315724564336,
      1.3537700329866713,
      1.3081323976544459,
      1.8179275217124888,
      1.9227220025534164,
      2.1034331206343495,
      2.716776717060794,
      2.6921246320367036,
      2.642043614597094,
      2.5854725632041173,
      2.503404609438796
    ],
    "dH": [
      0.45986494424315205,
      -0.21109085095225577,
      -0.5385690708628221,
      1.85662995490327,
      4.097264032659803,
      2.855055989218607,
      7.940547145073779,
      5.886915114023536,
      -0.5748700189515411,
      -0.761800491661331,
      -1.1553250429858146,
      -1.36779922942202
    ],
    "bootstrap": {
      "detection_rate": 1.0,
      "sigma_c_ci": [
        0.7453493822384936,
        0.8422197386368927
      ],
      "eps_star_ci": [
        0.7,
        0.7
      ],
      "delta_ci": [
        0.0447828251030508,
        0.14143392730811993
      ],
      "zero_in_ci": false,
      "median_kappa": 1.103224858923454,
      "kappa_ci": [
        1.0639754644329298,
        1.2020484675830285
      ]
    }
  },
  "rigetti_vt": {
    "device": "Rigetti Ankaa-3 (superconducting)",
    "sigma_c": 0.8666535045858758,
    "note": "3 gamma points; CFI not computable"
  }
}