{
  "theorem": "Single-rate model has monotonically decreasing CFI (no interior peak)",
  "leave_one_out": {
    "spearman_range": [
      0.5576679417142029,
      0.8122554803228605
    ],
    "logpearson_range": [
      0.7629801503380288,
      0.9440493480526836
    ],
    "most_influential": "C04",
    "worst_loo_p": 0.027651483824409347,
    "worst_loo_circuit": "C06"
  },
  "power_law": {
    "beta": 0.7876984953518161,
    "se": 0.1900949292102654,
    "beta_ci": [
      0.3381954156364089,
      1.2372015750672234
    ],
    "A": 2.9275020835240726,
    "R2": 0.7103888827860516,
    "beta1_in_ci": true,
    "beta1_p": 0.3009341994762264
  },
  "bonferroni_logpearson_p": 0.012987000000000002,
  "spectral_vs_kappa": {
    "spearman_rho": -0.21666666666666667,
    "spearman_p": 0.5755148957119259
  },
  "svd_summary": {
    "0": {
      "n_modes": 5,
      "spectral_ratio": 3.7280786528682635,
      "decay_rates": [
        400.8130793375371,
        107.5119697459077,
        1000000.0,
        122.21404478699941,
        132.07474363507836
      ]
    },
    "1": {
      "n_modes": 10,
      "spectral_ratio": 3.7919471126250066,
      "decay_rates": [
        53.744388606431414,
        80.39320750592921,
        149.64749000743956,
        203.79587919595392,
        84.19596977612807,
        1000000.0
      ]
    },
    "2": {
      "n_modes": 5,
      "spectral_ratio": 6.16953225663245,
      "decay_rates": [
        227.1654728656005,
        322.4559521062069,
        1000000.0,
        1401.5047124374858,
        1000000.0
      ]
    },
    "3": {
      "n_modes": 1,
      "spectral_ratio": 1.0,
      "decay_rates": []
    },
    "4": {
      "n_modes": 11,
      "spectral_ratio": 4.000197572380039,
      "decay_rates": [
        945.9865942629201,
        1000000.0,
        1000000.0,
        1000000.0,
        3784.133277874594,
        1000000.0
      ]
    },
    "5": {
      "n_modes": 11,
      "spectral_ratio": 4.171314781884007,
      "decay_rates": [
        1000000.0,
        567.9399726185658,
        1000000.0,
        1642.0004651294896,
        1000000.0,
        2369.0564030066216
      ]
    },
    "6": {
      "n_modes": 10,
      "spectral_ratio": 8.373425295776771,
      "decay_rates": [
        61.15983975844347,
        45.34232837596552,
        379.6705993927266,
        1000000.0,
        1000000.0,
        357.65688725598153
      ]
    },
    "7": {
      "n_modes": 4,
      "spectral_ratio": 3.177504428627347,
      "decay_rates": [
        388.41310596969396,
        122.23841530174826,
        1000000.0,
        159.45752535699077
      ]
    },
    "8": {
      "n_modes": 11,
      "spectral_ratio": 6.076219991164465,
      "decay_rates": [
        257.10137348776107,
        1000000.0,
        901.4901292384654,
        1000000.0,
        1000000.0,
        1562.2045053421755
      ]
    },
    "9": {
      "n_modes": 7,
      "spectral_ratio": 3.5351436016697075,
      "decay_rates": [
        90.72530624782303,
        1000000.0,
        62.83874977514626,
        137.34817280715478,
        1000000.0,
        222.14400420453208
      ]
    },
    "10": {
      "n_modes": 5,
      "spectral_ratio": 15.051449156700576,
      "decay_rates": [
        394.82886880810037,
        110.80408030888536,
        1195.5192299657829,
        505.7579517513073,
        1667.7619811241555
      ]
    },
    "11": {
      "n_modes": 9,
      "spectral_ratio": 1.4498751141185002,
      "decay_rates": [
        148.5651019219801,
        215.4008441031575,
        1000000.0,
        1000000.0,
        1000000.0,
        1000000.0
      ]
    },
    "12": {
      "n_modes": 11,
      "spectral_ratio": 12.086840423991926,
      "decay_rates": [
        297.8422034163106,
        3599.9711842230895,
        1000000.0,
        1000000.0,
        1000000.0,
        1000000.0
      ]
    },
    "13": {
      "n_modes": 6,
      "spectral_ratio": 2.699236517111931,
      "decay_rates": [
        192.69660457379953,
        1000000.0,
        144.19432274055526,
        389.2145815015301,
        210.79271628987874,
        1000000.0
      ]
    },
    "14": {
      "n_modes": 4,
      "spectral_ratio": 18.59621368355968,
      "decay_rates": [
        353.5102596395456,
        126.40121932473326,
        2350.584084425233,
        145.47970509332632
      ]
    },
    "15": {
      "n_modes": 7,
      "spectral_ratio": 88.44080667118533,
      "decay_rates": [
        190.42546501545866,
        2378.963537982984,
        8845.654383605233,
        16841.381736702744,
        1000000.0,
        1000000.0
      ]
    }
  }
}